{
  "description": "Усі значення за 1 одиницю виміру. Алгоритм переведено у эдиний коефіціент, на який треба помножити",
  "units": {
    "mm": {
      "cm": 0.1,
      "m" : 0.001,
      "km": 0.000001,
      "in": 0.0393700787401575,
      "ft": 0.0032808398950131,
      "yd": 0.0010936132983377
    },
    "cm": {
      "mm": 10,
      "m" : 0.01,
      "km": 0.00001,
      "in": 0.393700787401575,
      "ft": 0.0328083989501312,
      "yd": 0.0109361329833771
    },
    "m": {
      "mm": 1000,
      "cm": 100,
      "km": 0.001,
      "in": 39.3700787401575,
      "ft": 3.28083989501312,
      "yd": 1.09361329833771
    },
    "km": {
      "mm": 1000000,
      "cm": 100000,
      "m" : 1000,
      "in": 39370.0787401575,
      "ft": 3280.83989501312,
      "yd": 1093.61329833771
    },
    "in": {
      "mm": 25.4,
      "cm": 2.54,
      "m" : 0.0254,
      "km": 0.0000254,
      "ft": 0.083,
      "yd": 0.0278
    },
    "ft": {
      "mm": 304.8,
      "cm": 30.48,
      "m" : 0.3048,
      "km": 0.0003048,
      "in": 12,
      "yd": 0.33
    },
    "yd": {
      "mm": 914,
      "cm": 91.4,
      "m" : 0.914,
      "km": 0.000914,
      "in": 36,
      "ft": 3
    }
  }
}